ProductID,Supplier,CostPrice
1,Nunez-Cannon,901.06
2,"Chapman, Smith and Gonzalez",1142.57
3,Evans-Schwartz,1684.29
4,Hansen Group,1357.65
5,Gray Inc,1230.31
6,Smith-Dixon,1177.19
7,Barnes and Sons,2091.78
8,"Lewis, Owens and King",276.78
9,Walton and Sons,231.52
10,"Sanders, Harrison and Cohen",1687.85
11,"Foster, Wilkins and Myers",2804.44
12,Fox PLC,1677.91
13,"Delgado, Bridges and Rivera",2968.59
14,Grimes-Bailey,1376.9
15,"Pruitt, Clark and Mathis",1160.39
16,Torres-Jones,718.82
17,May-Robertson,2746.41
18,"Rodriguez, Donaldson and Lewis",1506.01
19,"Krause, Miller and Monroe",346.7
20,"Cooper, Bell and Colon",819.02
21,Haynes-Thomas,423.78
22,"Greer, Buchanan and Blackwell",2058.74
23,"Campbell, Johnson and Bowman",472.18
24,Adams LLC,1592.59
25,"Anderson, Reed and Lowe",213.53
26,"Carlson, Maxwell and Hines",2532.57
27,Morrison Inc,1526.41
28,Campbell-Singh,706.48
29,"Martinez, Green and Lopez",973.29
30,Russell-Trevino,509.19
31,Farmer-Hernandez,332.47
32,"Thomas, Marshall and Myers",1241.04
33,Ray and Sons,2358.51
34,Wilson LLC,164.82
35,Turner Ltd,76.86
36,Whitaker-Mcknight,2998.99
37,"Smith, Gonzalez and Wells",1101.2
38,Kelley-Walker,1974.48
39,Fernandez LLC,528.69
40,"Garcia, Kirby and Gonzales",1255.5
41,Roth-Wong,1017.89
42,Hubbard-Ramsey,2283.61
43,Garcia-Soto,2207.21
44,Pennington and Sons,185.49
45,Perez-Murphy,1105.45
46,"Vincent, Carroll and Riddle",151.63
47,"Callahan, Reid and Mccoy",1600.79
48,Ray-Castaneda,2828.58
49,Riley Group,2382.61
50,Barry-Bell,2173.54
51,Mitchell-Bass,660.11
52,Fletcher and Sons,1099.46
53,Allen-Gross,1974.98
54,"Bruce, Owens and Weaver",1006.62
55,Snyder-Johnson,1587.15
56,Christian Group,583.57
57,Pacheco-Smith,2082.38
58,Harrison-Baker,2684.16
59,"Cannon, Hall and Contreras",572.77
60,Lester-Shaw,1179.55
61,Prince-Bush,1385.09
62,Simmons and Sons,314.34
63,"Parker, Zamora and Collins",474.05
64,Nelson and Sons,2290.44
65,Lucas-Smith,341.85
66,"Baker, Newman and Pham",384.12
67,"Montgomery, James and Murray",2598.3
68,Cox-Nelson,2174.46
69,Anderson-Cannon,1986.78
70,"Hayes, Stafford and Poole",2391.43
71,Branch LLC,2251.57
72,"Johnson, Reed and Miles",2812.77
73,Wheeler-Boyd,76.63
74,"Rodriguez, Rocha and Hernandez",1711.6
75,Cummings-Bishop,2424.85
76,Walker-White,1867.7
77,Ortiz Group,2280.54
78,"Ferguson, Brooks and Cook",490.48
79,Smith-Gardner,896.51
80,Beasley and Sons,2521.04
81,Douglas PLC,1940.26
82,Smith PLC,2383.57
83,Adams and Sons,1678.09
84,Tucker-Walker,1421.73
85,"Campbell, Smith and Johnson",2586.11
86,"Knight, Cobb and Houston",138.53
87,Leonard Inc,256.66
88,Berry LLC,2652.95
89,Freeman and Sons,233.33
90,"Brown, Chen and Gonzales",1183.64
91,Mayer Group,1491.39
92,Scott-Ross,2041.25
93,Anderson-Fisher,2279.5
94,Burke-Wilson,1134.32
95,Hammond-Taylor,1513.19
96,Pierce-Clark,1748.56
97,Gibson Group,896.08
98,Cooke-Thomas,1035.95
99,Underwood-Cooper,2047.96
100,Welch-Evans,1435.3
101,Edwards LLC,2109.57
102,Robinson Group,1223.5
103,Freeman Inc,552.46
104,"Owens, Ferguson and Ramos",2714.43
105,Adams-Smith,1578.13
106,Mitchell-Ford,2370.55
107,Ward Inc,2588.58
108,Dawson-Wilson,2502.72
109,"Morton, Fitzgerald and Esparza",298.19
110,Mercer-Perez,319.08
111,Frye-Lewis,2647.86
112,"Garcia, Holt and Rodriguez",2647.29
113,Hoffman-Frank,2203.77
114,"Butler, Martin and Wilson",1881.77
115,"Alvarez, Stewart and Lynch",2896.1
116,"Erickson, Moore and Sawyer",1205.23
117,Long-Phillips,1308.81
118,"Gibson, West and Spencer",2665.09
119,Taylor LLC,1811.87
120,Brown-Neal,2715.24
121,Fowler-Price,1209.14
122,Alexander PLC,1725.72
123,"Larsen, Graham and Bradford",1047.84
124,Paul and Sons,1505.76
125,Bryant-Davis,807.35
126,Young PLC,1342.49
127,Baker-Williams,2528.44
128,Campbell-Scott,1315.82
129,"Smith, Wallace and Thompson",2021.22
130,"Cole, Smith and Peterson",1516.52
131,"Waters, Singleton and Mack",1672.12
132,Quinn-Riley,615.17
133,"Moreno, Johnson and Morrow",2553.99
134,Patton Ltd,2369.0
135,Robertson Group,712.18
136,Shaw-Reynolds,1106.02
137,King-Young,945.09
138,"Cruz, James and Daniel",1574.66
139,Roberts-Ramos,2748.17
140,King-Farmer,1318.21
141,"Walker, Alvarez and Jimenez",1890.62
142,Rogers-Watson,2113.14
143,Mata-Smith,116.12
144,Rodriguez Inc,872.16
145,Barr-Diaz,584.07
146,Morris PLC,593.26
147,Edwards-Clark,625.5
148,"Hahn, Dillon and Sanchez",821.51
149,"Carrillo, Lam and Stevens",1663.18
150,Rios and Sons,238.57
151,"Medina, Alvarez and Jones",1093.11
152,"Byrd, Bradley and Lane",2482.99
153,Campbell-Kennedy,86.48
154,Weiss-Torres,2749.6
155,Cruz-Grant,1359.63
156,"Marshall, Thompson and Lester",195.54
157,Wilson-Alvarez,2372.86
158,Powell LLC,1213.95
159,"Vaughan, Crawford and Gonzalez",2111.47
160,Orozco-Roberts,1585.26
161,Roberts-Roy,414.84
162,Harmon-Frazier,1640.31
163,Medina LLC,1060.41
164,Fox Inc,499.49
165,Stephens Inc,474.08
166,"Bell, Chapman and Smith",1887.73
167,Stevens Group,74.53
168,"Webster, Meyer and Malone",2550.0
169,Cordova PLC,2332.94
170,Robles Group,2368.33
171,Jordan-Castillo,352.71
172,"Morgan, Pearson and Hurley",2960.84
173,Miranda-Krause,2523.86
174,Willis Inc,728.99
175,"Schneider, Diaz and Waters",1822.73
176,Giles PLC,1006.2
177,"Smith, King and Carr",2718.25
178,White PLC,2407.42
179,"Johnson, George and Lee",2108.74
180,"Wheeler, Sullivan and Young",227.78
181,Stephens Group,1543.78
182,Jones Inc,1034.06
183,Willis LLC,618.05
184,Brown-Sullivan,978.02
185,Bruce-Hodges,1077.94
186,Mckenzie-Lee,2008.85
187,Schaefer-Murphy,2220.18
188,Campbell-Carter,278.59
189,"Ortega, Singleton and Campbell",1736.57
190,Nguyen LLC,107.11
191,Serrano-Perkins,2746.3
192,"Rivera, Martinez and Wall",2617.82
193,"Simpson, Stewart and Hall",2446.01
194,Holt-Vazquez,2037.79
195,"Brewer, Davis and Parks",2195.95
196,Curtis Ltd,2282.53
197,Howe Inc,2693.02
198,"Vasquez, Mullins and Roberts",735.72
199,Holloway-Marshall,2017.78
200,Ramirez PLC,2575.84
201,Burke Inc,492.79
202,"Davis, Smith and Holt",2578.42
203,Chang-Espinoza,1205.39
204,James-Colon,2523.57
205,Perez-Clark,2303.6
206,Tapia PLC,518.79
207,Sullivan and Sons,2139.28
208,Lopez Inc,1799.95
209,"Gross, Frazier and Jordan",334.95
210,Green-Taylor,2180.83
211,Conway PLC,1133.6
212,"Avery, Flores and Callahan",2116.09
213,Sanford and Sons,1044.8
214,"Daniels, Sandoval and May",2460.12
215,"Oneill, Chapman and Hensley",1974.87
216,Dickerson and Sons,459.72
217,Burton-Fox,700.94
218,Rice-Edwards,2467.57
219,"Smith, Perry and West",1878.53
220,Smith-Smith,2664.3
221,Tate-Holmes,2472.52
222,Jones-Larson,1693.7
223,"Morrow, Kent and Escobar",2425.17
224,"Taylor, Marquez and Butler",744.02
225,Anderson and Sons,2467.78
226,Matthews-Wilcox,1673.71
227,Leon-Rocha,1075.02
228,"Jones, Barr and Fox",1547.01
229,"Gray, Hughes and Jackson",299.05
230,"Farrell, Vazquez and Mccoy",2601.02
231,Mccann-Harper,2981.67
232,Nichols-Franco,844.73
233,Maxwell-Marsh,1853.73
234,"Stevens, Cardenas and Young",1453.11
235,"Richard, Grimes and Chaney",2657.79
236,"Lucas, Huber and Jefferson",164.82
237,"Martinez, Wood and Wyatt",2035.34
238,Nguyen and Sons,808.92
239,"Sanders, Wright and Flores",439.86
240,Castaneda-Grimes,871.45
241,"Cooper, Dunn and Berry",1872.65
242,Schmidt Group,1710.58
243,"Hall, Hardin and Wright",2616.28
244,"Bell, Smith and Guerrero",602.45
245,Jones and Sons,2051.53
246,Douglas-Best,1343.61
247,"Morales, Jenkins and Wolf",919.15
248,Thomas LLC,89.78
249,Mckenzie-Montgomery,778.19
250,Gomez-Wells,1585.78
251,"Clark, Morris and Reeves",1137.31
252,"Livingston, Williams and Gibson",2611.73
253,Lowe-Webb,1279.82
254,"Myers, Townsend and Santiago",615.22
255,Lopez and Sons,175.51
256,Franklin PLC,1040.32
257,"Young, Reyes and Andersen",2621.69
258,Stephens-Hampton,1345.44
259,Diaz-Cruz,1295.46
260,Conley Group,1118.73
261,"Reed, Dillon and Medina",677.83
262,Pearson and Sons,2812.69
263,Thompson-Pennington,636.79
264,Perkins-Harper,2596.97
265,"Hudson, Hall and Barnes",232.06
266,Shaw-Cooper,1745.51
267,Little-Kelly,1264.91
268,Davis-Hopkins,1029.85
269,Sullivan PLC,432.72
270,Martinez-Sawyer,2239.74
271,Garcia PLC,2683.36
272,"Williams, Kelly and Williams",1313.22
273,Wallace-Williams,621.59
274,"Potter, English and Davis",420.18
275,Wood Group,1300.45
276,Shepherd LLC,1492.22
277,"Wilson, Thomas and Best",2469.34
278,"Gutierrez, Clark and Mccall",2426.52
279,Owens-Haynes,2216.14
280,"Sanchez, Holt and Thomas",2910.78
281,"Black, Fields and Morris",1955.86
282,"Williams, Watson and Alexander",2260.65
283,Houston-James,858.8
284,Sherman-Smith,926.67
285,Kelly Group,2697.04
286,Gay-Stevenson,1245.44
287,Ayala-Simmons,1385.75
288,Shah-Caldwell,2436.58
289,Conley and Sons,1074.93
290,"Ford, Reilly and French",577.62
291,Johnson-Jones,1249.22
292,Murphy-Walker,1627.82
293,"Pittman, Hill and Griffin",2652.52
294,Ellis LLC,2136.78
295,"Hunt, Mitchell and Phillips",2239.23
296,Parker Inc,2592.02
297,"Willis, Perez and Flores",457.61
298,Scott LLC,2926.01
299,Haynes Inc,2194.24
300,Mckee Inc,440.93
301,Rivas-Rios,2157.05
302,"Kaiser, Robinson and Galloway",2730.21
303,Carson-Morris,471.4
304,Griffin Inc,1928.05
305,"Calhoun, Medina and Harris",2430.44
306,Anderson-Williams,972.97
307,Davis Group,2952.67
308,Morrison Ltd,2900.42
309,Sawyer Group,1919.35
310,Grant LLC,845.56
311,Bowman-Rodriguez,1007.79
312,Love-Thompson,1771.76
313,Esparza-Armstrong,2311.43
314,"Wise, Foster and Ross",1326.73
315,Mcgrath LLC,1426.03
316,Smith-Stevens,1285.58
317,"Stewart, Cooper and Fletcher",2769.74
318,Kelley LLC,1661.21
319,Velez-Rush,579.89
320,Contreras Group,341.15
321,Miles PLC,346.82
322,"Cunningham, Jackson and Norman",1094.71
323,Miller Inc,929.05
324,Rice Inc,2652.21
325,"Gibbs, Allen and Lloyd",2720.58
326,Smith-Stein,639.09
327,Johnson-Torres,113.72
328,"Poole, Hobbs and King",2823.62
329,Dudley-Thompson,1507.4
330,Smith Inc,1998.27
331,"Stein, Wright and Brady",1014.52
332,Zhang and Sons,836.66
333,Zimmerman-Clayton,2110.23
334,Ortiz PLC,2326.56
335,Powers-King,424.21
336,Lopez-Barr,1004.87
337,Williams LLC,1524.8
338,Sanders-Rodriguez,761.26
339,"Figueroa, Lopez and Schultz",1672.25
340,"Rodgers, Guzman and Wagner",2935.83
341,"Edwards, Fowler and Wallace",2738.9
342,"Spears, Mcintosh and Fox",2616.83
343,Taylor-Greene,2348.69
344,"Keller, Flores and Lee",2191.73
345,Keller-White,1345.9
346,Johnson-Foster,2632.47
347,Jimenez-Harris,208.01
348,Velazquez PLC,2006.88
349,"Velez, Russell and Rogers",189.14
350,Clarke Inc,847.18
351,Dixon LLC,2439.69
352,Browning-Jacobson,2016.56
353,Watson Ltd,994.34
354,Mcmillan-James,1529.08
355,Webster Ltd,2044.37
356,Smith-Dickson,2940.48
357,"Phillips, Matthews and Thompson",2433.48
358,Moyer-Patterson,957.08
359,Snyder Ltd,124.97
360,Salinas-Lopez,394.18
361,"Rowe, Rodriguez and Simpson",1649.73
362,"Ramos, Robertson and Perry",2983.62
363,"Richards, Evans and Garcia",2638.31
364,Turner-Allen,2904.21
365,Phillips Inc,1101.1
366,Drake LLC,574.57
367,Tran PLC,1081.63
368,"Bolton, Fox and Kennedy",471.65
369,"Allen, Hall and Gonzalez",1709.87
370,Miles LLC,2593.06
371,Warren PLC,1603.12
372,Evans-Lopez,1427.26
373,Pierce-Martin,2432.06
374,Bentley Group,2497.89
375,Clark Group,2541.58
376,"Buchanan, Garcia and Watson",2317.2
377,"Rich, Duarte and Williams",1028.63
378,Walker Ltd,2167.31
379,"Martinez, Gill and Richardson",2533.54
380,Kennedy-Russell,1703.16
381,"King, Zhang and Hughes",82.55
382,Evans and Sons,2140.24
383,"Long, Stephenson and Simmons",1512.45
384,Strong Ltd,1808.91
385,Sherman-Ross,958.02
386,"Moore, Garcia and Rice",2920.17
387,Cox-Boyle,2495.56
388,"Sanchez, Faulkner and Lopez",460.88
389,Sanchez-Jones,568.01
390,Campos-Williams,1408.55
391,"Flowers, Romero and Roach",407.25
392,"Bryan, Ortiz and Waller",660.51
393,Hill-Rangel,2731.1
394,Walker PLC,295.67
395,Hanna-Smith,1684.59
396,"Sanchez, Perez and Williams",2735.61
397,Brown-Garcia,778.75
398,Donovan-Taylor,1068.17
399,"Wilson, Rodriguez and Pham",1209.61
400,Turner PLC,1545.27
401,Andrews-Holt,2660.06
402,Love-Fox,1520.98
403,"Smith, Rodriguez and Rose",2300.55
404,"Mccoy, Cunningham and Guerra",622.18
405,Warren PLC,2563.96
406,"Mercado, Ali and Bird",156.82
407,"Johnson, Miller and Nelson",1159.14
408,"Palmer, Marshall and Shelton",2920.67
409,"Phillips, Hughes and Thompson",2301.4
410,Smith Group,2453.18
411,Bailey-Randall,1541.44
412,"Fischer, Gray and Wilson",2366.58
413,Smith-Fitzgerald,364.79
414,Steele-Payne,1137.73
415,"Johnson, Escobar and Jackson",2577.54
416,"Garcia, Patterson and Myers",649.99
417,"Taylor, Taylor and Anthony",568.94
418,Dalton Ltd,196.01
419,Reyes-Spears,932.2
420,Lara-Vargas,1547.33
421,Blake LLC,1539.63
422,"Ford, Edwards and King",2307.01
423,Grant Group,581.81
424,"Gray, Martin and Moreno",1388.59
425,"Russo, Chen and Harris",71.16
426,Gonzalez PLC,444.15
427,"Davis, Williams and Myers",215.95
428,Mclaughlin-Johnson,2004.23
429,"Gross, Becker and Gonzalez",1875.04
430,Campos-Conner,1936.19
431,Hoffman Ltd,1254.85
432,Newman Group,2564.92
433,Hawkins and Sons,1863.8
434,Lynch-Fields,2036.53
435,Robbins-Bruce,851.11
436,"Thomas, Frye and Hill",1271.07
437,"Barrett, Murphy and Lee",2453.6
438,Martin Ltd,303.41
439,Hernandez and Sons,2805.46
440,"Herrera, Waller and Gregory",2770.59
441,"Macdonald, Gonzales and Cook",2087.46
442,Mclaughlin-Baxter,2382.0
443,Moore-Cooper,335.52
444,"Willis, Blankenship and Velazquez",190.62
445,Kidd Ltd,1490.21
446,Coleman-Soto,124.3
447,Ayala Group,916.48
448,Walker Inc,343.25
449,Davis LLC,2683.05
450,"Walsh, Knight and Ross",1878.31
451,Thornton-Brown,548.04
452,"Sanchez, Tran and Page",2233.39
453,"Walker, Gibson and Nash",1325.21
454,"Long, Aguilar and Yu",1168.83
455,Moore Group,788.07
456,Boyd-Franklin,1299.81
457,Warren-Weiss,2717.29
458,Sanchez LLC,490.89
459,"Erickson, Nguyen and Russell",232.41
460,Castillo-Warren,412.04
461,"Escobar, Cole and Santiago",1187.97
462,Hickman-Armstrong,2907.38
463,Gentry-Phillips,1191.81
464,Schneider-Smith,288.49
465,Morales-Moore,1406.01
466,"Wood, Conway and Riley",79.76
467,Miller-Copeland,592.18
468,Glass-Rogers,1959.82
469,Mitchell-Castro,369.53
470,"Dalton, Bishop and Patterson",862.64
471,Martinez-Foster,1546.89
472,"Edwards, Guzman and Silva",957.33
473,Molina Inc,2240.56
474,Proctor LLC,504.39
475,Santos Group,277.22
476,"Walker, Gray and Newton",2074.35
477,Johnson-Kim,1697.84
478,Wilkinson-Baker,2705.4
479,Fletcher-Tucker,369.71
480,Lambert Inc,1057.79
481,"Meadows, David and Castro",724.3
482,"Gonzalez, Reid and Brown",2732.64
483,Jackson-Cobb,53.22
484,Allen-Ballard,1146.76
485,"Harris, Griffin and Gamble",2058.56
486,"Lynch, Green and Kirk",2307.92
487,Thomas Ltd,687.13
488,"Thompson, Gonzalez and Melton",2153.86
489,Mooney-Tran,1038.26
490,Stewart and Sons,2287.45
491,Lee-Soto,2181.57
492,Woodward-Kim,2134.53
493,"Cooley, Alvarado and Williams",2553.57
494,Anderson Ltd,428.41
495,Williamson and Sons,2898.45
496,White Ltd,2013.82
497,"Lutz, French and Hooper",179.67
498,Murray Ltd,1342.12
499,Walsh Ltd,159.0
500,"Shah, Barker and Gallegos",2730.2
501,Smith-Arnold,2527.3
502,"Simmons, Parks and Daugherty",352.13
503,Moore-Horn,1269.03
504,"Garrett, Jennings and Jones",1344.74
505,"Smith, Keller and Carter",1014.62
506,Terry-Holland,2704.02
507,"Lewis, Woodward and James",1557.37
508,Smith-Henderson,410.66
509,"Hopkins, Harrington and Evans",957.13
510,"Montoya, Cummings and Miller",2619.76
511,Mcdonald-Williams,789.58
512,"West, Mcmahon and Richardson",1011.43
513,Mccormick Ltd,1650.19
514,Foster-Barron,1132.01
515,Rogers and Sons,939.67
516,Montoya Inc,755.97
517,Perry Ltd,2301.97
518,Stanton-Smith,1666.32
519,Fowler Ltd,1663.27
520,Daniels Group,2363.68
521,"Brewer, Cortez and Monroe",128.18
522,Stafford PLC,559.98
523,Watson-Smith,567.04
524,"Murray, Banks and Dixon",1120.94
525,Olsen-Williams,398.86
526,White Inc,2882.75
527,Berg LLC,893.42
528,Malone-Marquez,2896.4
529,Crawford-Vasquez,2568.42
530,"Barber, Perez and Simmons",63.08
531,Hall Ltd,1387.19
532,Briggs Group,2088.28
533,Gray PLC,1416.45
534,Herrera PLC,582.31
535,"Poole, Holt and Hines",310.22
536,"Holmes, Novak and Marshall",1191.29
537,Peck-Ruiz,1082.35
538,Grant and Sons,2117.89
539,Valencia-Ibarra,2919.38
540,"Jenkins, Escobar and Gordon",1839.19
541,Hale-Ward,179.3
542,Reed Group,328.09
543,Gross-James,2355.56
544,"Bowman, Anderson and Austin",1891.81
545,Coffey Ltd,2237.47
546,Drake and Sons,900.83
547,Thomas-Keller,550.57
548,"Daniels, Rice and Powell",774.01
549,Johnson-Wilson,2814.23
550,"Steele, Whitehead and Smith",1362.93
551,Townsend and Sons,1336.65
552,Salas-Mclaughlin,1124.55
553,Mcclure-Marquez,498.97
554,Anderson-Johnson,2098.39
555,"Flynn, Stokes and Lee",2458.85
556,Marquez and Sons,2602.72
557,"Cabrera, Richardson and Oneal",407.95
558,"Williams, Adams and Johnson",1356.65
559,Nguyen-Hopkins,340.2
560,Jordan Inc,1647.61
561,"Mcdaniel, Green and West",671.78
562,Edwards-Hill,2146.17
563,Mills-Newman,558.06
564,"Taylor, Williams and Fowler",1366.98
565,Randall LLC,1212.25
566,"Brown, Martin and Hicks",2011.48
567,Baker-Donovan,1944.6
568,Willis Inc,2740.21
569,Walker Ltd,345.58
570,Hogan LLC,1403.36
571,Mendez Ltd,1416.74
572,"Koch, Stanley and Preston",498.22
573,Garner and Sons,1781.71
574,Miles-Foley,2104.82
575,"Gilbert, Mullen and Kennedy",661.75
576,Soto Ltd,2859.23
577,"Dennis, Butler and Davis",1591.55
578,Sanchez-Jones,1627.06
579,Arellano-Anderson,1908.68
580,Jefferson-Roberts,763.15
581,"Harrington, Caldwell and Garcia",1264.85
582,Grant PLC,1681.5
583,Dixon-Hopkins,1410.25
584,Velazquez-Little,2062.14
585,"Haynes, Barker and Davis",1656.59
586,"Jones, Watson and Johnson",89.12
587,"Coleman, Davis and Haney",1794.27
588,Allen Inc,1667.18
589,Calderon Group,2797.99
590,Brown Group,1193.73
591,"Vega, Manning and Hogan",857.91
592,Nunez-Andrade,1134.22
593,Gordon-Johnson,557.91
594,Knight-Caldwell,1245.98
595,Wu Ltd,1828.08
596,Oconnor-Reynolds,2213.0
597,Jackson-Wright,1478.62
598,Brooks LLC,1704.09
599,"Wheeler, James and Caldwell",650.5
600,Howell-Harrison,1661.53
601,Oliver PLC,2158.24
602,Roy-Logan,816.16
603,Alexander PLC,2855.32
604,"Chapman, Haney and Grant",659.55
605,"Gonzalez, Harrell and Cummings",1065.79
606,Rodriguez-Barton,2219.68
607,Vaughn-Stokes,132.49
608,Fox-Jenkins,1363.05
609,Fry-Chavez,451.38
610,Rodriguez LLC,2267.19
611,Cortez LLC,845.07
612,"Patel, Thomas and Wilson",1579.5
613,"Morgan, Leach and Todd",2328.64
614,Moss Ltd,2124.65
615,Stewart PLC,1179.68
616,"West, Tucker and Nichols",1587.5
617,Watkins and Sons,196.33
618,Duran Group,2449.53
619,"Delgado, Warren and Waller",2416.64
620,Rice-Jackson,497.17
621,Perez-Miller,2426.54
622,"Rodriguez, Mendoza and Meyer",2576.37
623,Smith-Davis,2697.59
624,"Buckley, Hayes and Wilson",1851.36
625,"Huber, Russell and Sanchez",1995.53
626,Garcia LLC,2141.59
627,"Ray, Wilson and Kent",2452.11
628,Stone Ltd,2333.54
629,"Alexander, Roth and Lane",2051.49
630,Walker and Sons,2307.02
631,Carter Group,543.71
632,Cook and Sons,2998.59
633,Ellison and Sons,763.13
634,"Lee, Rollins and Smith",2387.01
635,"Edwards, Diaz and Webster",2110.17
636,"Brown, Bennett and Kramer",2208.19
637,Tapia Inc,811.41
638,Smith Group,1432.36
639,Gonzalez-Bird,2765.04
640,Hayes Ltd,711.53
641,Mercer-Hayes,555.33
642,Rogers-Cox,2913.24
643,Powell Group,257.17
644,"Houston, Hubbard and Davis",1115.46
645,Rodriguez and Sons,588.33
646,Patterson-Benjamin,488.22
647,"Williams, Porter and Flores",2282.02
648,"Scott, Ramirez and Thompson",2875.31
649,"Andrews, Jackson and Riggs",173.88
650,"Wilcox, Richards and Macias",2585.7
651,"Pittman, Cole and Vazquez",608.17
652,Snow Inc,2405.18
653,Franco PLC,2516.49
654,Rogers-Lewis,1213.55
655,"Hill, Quinn and Henson",1542.19
656,Hanson-Ewing,624.67
657,"Mays, Powers and Taylor",1422.97
658,"Holloway, Smith and Washington",994.65
659,"Brown, Cooley and Taylor",792.7
660,"Lee, Flores and Morales",371.92
661,"Lopez, West and White",2643.37
662,Barry and Sons,1912.12
663,"Pearson, Wang and Riley",382.01
664,"Morgan, Santiago and Thompson",1080.12
665,Harvey-Madden,1057.96
666,"Martin, Lee and Bowman",754.74
667,"Rich, Smith and Benson",123.98
668,"Moreno, Brewer and Wood",2549.12
669,Welch LLC,2581.87
670,Wright-Miles,127.44
671,"Rogers, Lee and Smith",1951.15
672,"Davis, Ramirez and Ruiz",201.08
673,"Howell, Lee and Hall",2070.71
674,"Rice, Johnson and Garcia",1900.33
675,"Cummings, Dominguez and Wagner",388.39
676,"Thomas, Beck and Pitts",2415.96
677,Torres-Charles,2599.95
678,Beltran Ltd,2965.02
679,Collins-James,275.46
680,Martin Group,2831.74
681,Glenn-Curtis,136.95
682,Ramsey LLC,660.09
683,Franklin Group,866.57
684,Smith-Galvan,348.89
685,Lawrence-Brown,344.81
686,Rios-Bryant,858.92
687,Brewer Inc,1550.9
688,Thompson Inc,1401.28
689,Taylor Inc,822.82
690,Brown Ltd,951.77
691,"Duffy, Anderson and Barajas",2129.12
692,Washington Ltd,2207.03
693,Galvan Group,1518.09
694,"Allison, Moreno and Wood",2330.29
695,Meyer-Ward,465.24
696,Richardson-Love,1688.93
697,"Kane, Bullock and James",1057.37
698,Powell Ltd,1542.95
699,"Olson, Parks and Ballard",2809.4
700,Lambert-Smith,2436.3
701,Williams-Lucas,2040.85
702,Mcdonald-Moran,242.73
703,Henry-Myers,567.44
704,"Herrera, Torres and Oliver",2319.8
705,Gross Inc,1025.2
706,Velez Group,1011.46
707,Price-Smith,596.98
708,Gonzalez-Jones,789.79
709,"Jackson, Turner and Gordon",1876.76
710,Baldwin-Brown,1075.32
711,"Morris, Parsons and Haas",1500.36
712,"Nichols, Rodriguez and Johns",177.15
713,Shelton Inc,1378.74
714,Davis-Evans,2796.08
715,"Estrada, Villarreal and Marquez",2171.33
716,"Moody, Mclaughlin and Duncan",1494.51
717,Long Group,2188.98
718,"Bowers, Cruz and Thompson",320.66
719,Levine PLC,1976.03
720,"Allen, Cortez and Mahoney",1846.87
721,Coleman-Powers,1637.96
722,"Wright, Holt and Gilbert",171.48
723,Rojas-Delacruz,1025.85
724,"Wheeler, Mullins and Davis",1113.83
725,Nelson PLC,2539.2
726,"Santos, King and Watson",415.12
727,Wilson PLC,2569.44
728,James Group,288.9
729,Walters-Moore,1147.2
730,Montoya Inc,2152.5
731,Juarez and Sons,217.71
732,May-Vazquez,2804.47
733,Johnson and Sons,993.35
734,"Sullivan, Jimenez and Davidson",1482.15
735,"Holder, Jensen and Braun",2237.47
736,Harrell-Miller,2392.15
737,"Pennington, Lewis and Moore",355.55
738,Hoffman LLC,2299.42
739,Smith LLC,677.35
740,Brown-Bowers,634.3
741,"Davis, Harmon and Martinez",1943.01
742,"English, Wilson and Giles",243.1
743,Cobb-Fletcher,1879.03
744,Nielsen Ltd,2139.7
745,Tran-Reid,311.63
746,Harris-Young,2260.58
747,"Bennett, Greene and Ward",2187.53
748,Garcia-Boyd,1893.21
749,Cochran Group,2343.27
750,"Garrison, Brown and Gill",2601.87
751,Bowman-Johnson,1050.04
752,Jackson-Mccann,2285.66
753,"Thompson, Giles and Gill",884.73
754,Nelson-Torres,2916.45
755,"Walter, Hinton and Little",2119.38
756,Smith-Gonzalez,622.97
757,Santos-Anderson,1431.73
758,Galvan Group,798.62
759,Evans Inc,2905.57
760,Brown-Silva,367.17
761,Lopez PLC,67.89
762,Brock-Hampton,1970.36
763,Murphy-Wright,2774.02
764,Rodgers-Watson,1041.53
765,Morris-Potts,1962.99
766,Baker-Forbes,2742.65
767,Smith PLC,2086.25
768,"Goodman, Sawyer and Sanders",2636.3
769,Carrillo-Duncan,2613.38
770,"Fox, Howell and Evans",2767.3
771,Reynolds-Wong,2125.8
772,"Owens, Cisneros and Thomas",471.1
773,"Keith, Robbins and Mcintosh",2908.85
774,Hester-Erickson,1282.41
775,"Mcmahon, Edwards and Morse",1999.93
776,"Lewis, Foster and Murphy",1629.36
777,Guerrero-Giles,1385.08
778,"Frazier, Cummings and Silva",2917.28
779,"Ruiz, Blackburn and Black",2664.81
780,Coleman Ltd,2460.69
781,Smith LLC,1564.71
782,"Lopez, Austin and Mathews",1260.08
783,Lynn-Short,85.78
784,"Johnson, Gray and Smith",1303.57
785,"Hanna, White and Hunt",1894.28
786,"Foster, Wood and Lin",2519.88
787,"Henderson, Rubio and White",306.43
788,"Hampton, Ramirez and King",575.69
789,"Davila, Tucker and Aguilar",2444.88
790,"Diaz, Green and Swanson",2100.06
791,"Vaughn, Howard and Wood",1142.87
792,Davis and Sons,695.32
793,Humphrey-Walker,2474.93
794,"Johnson, Allen and Chavez",379.8
795,Kennedy-Hunt,598.02
796,Burgess-Hawkins,918.89
797,Rasmussen-Bray,2453.09
798,"Lee, Rangel and Warner",2861.58
799,White LLC,1802.42
800,Allen-Harrison,2701.57
801,Cummings Ltd,2248.42
802,Martinez-Berry,2670.15
803,French-Douglas,1424.51
804,Mills-Ruiz,2853.22
805,"Shelton, Young and Bradford",567.1
806,"Spencer, Terry and Lindsey",637.51
807,Robinson PLC,1662.32
808,Reyes Group,1534.36
809,Wu-Knight,532.94
810,Caldwell and Sons,767.96
811,Clark Ltd,1096.89
812,"Mccarthy, Johnson and Miller",728.61
813,"Brown, Hayes and Ortiz",244.96
814,"Jacobs, Rice and Thomas",902.73
815,Reese-Galloway,1231.73
816,Lewis-Todd,2047.46
817,Carney-Donovan,2084.91
818,Lambert and Sons,247.46
819,Richardson Inc,564.15
820,Graham-Stewart,2691.75
821,Burns and Sons,1216.44
822,Beck-Fischer,2280.27
823,Conway PLC,1395.75
824,Moore Inc,441.35
825,Lee Ltd,2912.58
826,Scott Inc,160.79
827,Terry-Johnson,1302.91
828,"Rosales, Knox and Shelton",2941.46
829,Brooks Inc,594.48
830,Maldonado-Walsh,1234.46
831,"Steele, Contreras and Moore",1034.47
832,Tran Ltd,2756.95
833,Wilson-Smith,2302.88
834,Vargas-Peterson,1073.89
835,"Lucas, Lee and Meyer",705.03
836,Ramos PLC,2871.56
837,Schaefer Ltd,2188.97
838,Schmidt-Estes,2218.6
839,Jacobs Group,1952.9
840,Weaver LLC,2709.32
841,"Garrison, Tyler and Richards",2544.17
842,Edwards-Sullivan,741.21
843,Anderson PLC,1547.51
844,Hicks Ltd,1370.91
845,"Olson, Bradley and Chavez",1070.33
846,Norman Ltd,2103.92
847,Lopez-Nguyen,2242.44
848,Rosario-Wood,2963.95
849,"Watson, Ryan and Oliver",1044.1
850,Lopez PLC,482.77
851,"Perez, Miller and Hall",754.33
852,"Johnson, Collins and Cherry",512.28
853,Lambert-Moore,325.64
854,Norris-Harper,2211.85
855,"Hess, Case and Peters",1483.22
856,"Hill, Soto and Smith",579.5
857,Sanchez PLC,582.79
858,Lee Group,2215.31
859,Thompson Group,2222.85
860,"Martinez, Fisher and Dorsey",2782.21
861,"Good, Garcia and Cook",2023.69
862,Smith-King,635.79
863,Davidson-Smith,1356.08
864,"Andrade, Blanchard and Wilson",1262.97
865,Blair Group,2614.19
866,Bass-Gonzales,423.58
867,"Hill, Jones and Gardner",974.98
868,Harris Ltd,1117.49
869,Bentley-Mcmillan,1187.7
870,Burns-Smith,1299.46
871,Franco-Lloyd,1637.32
872,Porter Ltd,1589.6
873,Taylor-Knight,1923.13
874,James Inc,1725.95
875,"Duarte, Mayo and Armstrong",273.67
876,Tucker Group,1058.74
877,"Watson, Walker and Davis",1214.11
878,Sawyer-Mills,1583.98
879,"Richardson, Brown and Thomas",1585.19
880,Gibson-Lee,1880.32
881,Moore-Cook,399.33
882,"Jordan, Hansen and Montgomery",384.07
883,Ramos Group,2662.75
884,Taylor LLC,2537.31
885,Norris-Brown,1490.34
886,Smith and Sons,438.99
887,White and Sons,1106.53
888,"Drake, Cooper and Patrick",1923.19
889,Poole-Cameron,2977.37
890,Patterson-Davidson,471.25
891,Miller and Sons,2877.21
892,Baker-Alexander,959.86
893,Taylor Inc,2034.51
894,Davis-Stone,2419.53
895,Massey-Allen,2232.61
896,"Martin, Morrison and Hart",994.21
897,"Aguirre, Khan and Ingram",1116.73
898,Greene-Howard,2933.6
899,Bennett-Smith,609.63
900,Wilkins-Parker,576.59
901,"Smith, Mason and Garza",725.83
902,Sherman Ltd,820.33
903,Bates-Gray,2138.58
904,Zuniga and Sons,2927.37
905,Merritt Group,95.77
906,"Campos, Roberson and Parker",72.86
907,Reyes Ltd,2313.22
908,"Smith, Acosta and Rodriguez",1358.88
909,Thomas-Cole,655.27
910,Brooks and Sons,1194.39
911,"Reed, Rojas and Garcia",2272.94
912,Lee-York,2141.95
913,Anderson-Holloway,949.81
914,Jones-Williams,1324.38
915,Pham LLC,2577.77
916,Roberts-Hill,1428.57
917,Lowe Inc,2793.79
918,Ryan-Smith,2988.53
919,Fletcher Inc,1634.57
920,Campbell-Martin,1825.55
921,Sanders PLC,1222.04
922,Cervantes Group,1281.91
923,Williams-Reynolds,2032.28
924,"Jefferson, Cooper and Leonard",1229.22
925,"Becker, Hines and Ewing",754.95
926,"Watson, Franklin and Henry",2533.26
927,Russell Inc,792.72
928,Garner-Moore,1913.7
929,Wallace-Flores,1419.72
930,"Schwartz, Williams and Young",305.34
931,Benjamin-Griffin,1131.41
932,"Smith, Davis and Hill",2429.98
933,Marshall PLC,2514.94
934,"Hines, Rogers and Webb",2004.27
935,"Braun, Kline and Evans",474.25
936,"Saunders, George and Jordan",1062.21
937,Frederick Group,118.86
938,"Moreno, Miller and Walker",1828.21
939,Knight LLC,544.97
940,Hernandez Ltd,252.88
941,May-Wells,1780.99
942,"Perkins, Lee and Howard",1013.05
943,Lindsey Group,2072.1
944,"Hall, Newton and Ward",1886.22
945,Lucero-Griffin,202.82
946,"Weaver, Moore and Dyer",1742.59
947,Jones-Sanchez,2257.51
948,"Cameron, Burke and Jones",473.78
949,"Harris, Morgan and Reynolds",1218.3
950,"Walsh, Bolton and Contreras",649.87
951,Brown-Henson,2871.41
952,Lopez LLC,928.57
953,"Gaines, Martin and Williams",1284.17
954,Barrett Ltd,2484.28
955,"Peterson, Wilson and Ward",1419.45
956,Page-Brown,2537.5
957,Hall-Cole,2733.97
958,Phelps-Clark,2119.11
959,"Davis, Davis and Bell",2707.05
960,"Rosales, Smith and Owen",1088.44
961,Glover-Baldwin,1482.83
962,Pope Group,1673.3
963,"Williams, Robinson and Orr",2929.19
964,"Lester, Miller and Kelley",907.05
965,Palmer LLC,1422.47
966,"Martinez, Riley and Wood",2132.81
967,Clark Group,2499.32
968,Hernandez LLC,52.76
969,Griffin-Gonzalez,1376.14
970,Diaz PLC,2730.34
971,Curry-Brown,2856.24
972,"Hoffman, Shepherd and Arias",2251.25
973,Yates-Guzman,150.33
974,"Buckley, Martin and Moore",2468.88
975,Walters-Bowman,684.99
976,Lucero PLC,2750.25
977,Ingram-Wheeler,2197.33
978,Madden and Sons,2118.43
979,"Fletcher, Gonzalez and Green",1470.77
980,Smith Group,1035.69
981,"Mann, Simpson and Rice",520.36
982,"Caldwell, Friedman and Wolfe",924.58
983,Love Ltd,1004.96
984,"Wang, Gutierrez and Serrano",2084.07
985,Wilkins-Jackson,2300.62
986,Lara-Martinez,1149.41
987,Wells-Ortiz,1964.75
988,Allen-Rivera,2836.49
989,Smith-Harris,1342.94
990,Mendez LLC,1579.2
991,Stevens Group,2380.99
992,"Weiss, Miller and Leonard",1578.78
993,"Stevenson, Peterson and Black",2239.85
994,White and Sons,1933.72
995,Vasquez LLC,1760.04
996,"Boyer, Fields and Galloway",1468.21
997,Davis LLC,2490.86
998,Wagner PLC,1172.68
999,Mejia-Barajas,806.43
1000,"Knight, Duncan and Perry",2709.6
1001,Williams PLC,388.97
1002,Brown LLC,2439.01
1003,Coffey-Orozco,309.0
1004,"Young, Dunlap and George",977.48
1005,Pena-Gilmore,191.65
1006,Powers-Carpenter,1258.54
1007,"Branch, Fernandez and Rocha",256.96
1008,Evans LLC,388.74
1009,"Moore, Smith and Watkins",1259.36
1010,Jones LLC,668.88
1011,Peters LLC,2663.02
1012,Potter-Weber,1088.88
1013,"Hall, Lowe and Aguirre",460.73
1014,"Gutierrez, Lutz and Schneider",2728.67
1015,"Key, Montes and Anderson",2158.74
1016,Lloyd-Henson,2346.92
1017,"James, Lopez and Hess",2316.14
1018,Lawrence Ltd,753.7
1019,"Swanson, Gilbert and Mata",317.06
1020,"Davis, Reyes and Mann",1020.6
1021,Hunter PLC,1777.35
1022,Berry-Zimmerman,2954.78
1023,Sullivan and Sons,609.79
1024,Goodman-Miller,910.24
1025,Hamilton and Sons,2190.34
1026,Suarez-Diaz,1888.89
1027,"Vasquez, Jones and Evans",1618.42
1028,Gomez LLC,1943.91
1029,Evans-Murray,2033.13
1030,Dominguez-Shepherd,2738.36
1031,Steele-Hansen,2193.87
1032,"Hess, Lambert and Gray",336.29
1033,Caldwell-Bright,494.55
1034,Phillips PLC,1194.49
1035,"Hicks, Walker and Jackson",1281.74
1036,"Russell, Rosales and Warner",610.23
1037,Obrien Ltd,1103.11
1038,"Smith, Noble and Wolf",2807.87
1039,"Lara, Dunn and Mason",2700.78
1040,Neal Inc,1995.26
1041,Meyer LLC,2751.78
1042,"Meadows, Knox and Robinson",1170.76
1043,"Moore, Flowers and Short",1660.12
1044,Dunn and Sons,2018.3
1045,Clark-Grant,1319.74
1046,Shields-Wheeler,201.82
1047,Taylor-West,1952.02
1048,Olson-Johnson,88.26
1049,West Group,2895.93
1050,"Porter, Lopez and Kidd",1703.55
1051,Guerra-Jordan,817.96
1052,"Moore, Harper and Valdez",1839.41
1053,Park-Cochran,2376.75
1054,Walls Ltd,625.47
1055,French-Phillips,320.69
1056,"Dickson, Morris and Potts",2544.55
1057,Navarro Inc,1091.92
1058,Brown PLC,190.74
1059,"Wyatt, Turner and Soto",2881.99
1060,Hoover and Sons,1998.56
1061,"Boyle, Rodriguez and Benjamin",1145.5
1062,Gaines-Perez,2661.05
1063,Graham-Mcguire,552.29
1064,"Morales, Smith and Howard",621.78
1065,"Bowers, Sanchez and Walters",619.38
1066,Lewis-Hill,1571.67
1067,Compton-Frey,1869.04
1068,"Ibarra, Riley and Huffman",2888.51
1069,Robertson Ltd,2644.23
1070,Bennett-Fox,803.1
1071,Hardy-Vasquez,485.37
1072,Crawford-Thomas,1453.76
1073,Davila LLC,1974.02
1074,Whitney-Jones,2129.0
1075,Stone-Mendoza,2260.12
1076,Nelson-Kelley,714.72
1077,"Choi, Lee and Stephens",2608.86
1078,Forbes Inc,1497.2
1079,Cardenas-Freeman,613.08
1080,Collins-Bryant,654.94
1081,Todd-Hunt,2095.12
1082,Ramirez-Hernandez,2942.06
1083,Mccoy Inc,132.78
1084,Watson and Sons,1599.39
1085,Rogers-Fuller,1045.65
1086,Dawson Ltd,2910.25
1087,"Daugherty, Martin and Davis",1827.47
1088,Garcia Ltd,344.85
1089,"Dean, Leon and House",1836.21
1090,"Jenkins, Morrison and Brown",629.14
1091,Cummings Ltd,2896.67
1092,Moore Ltd,2465.53
1093,Horton-Singh,334.57
1094,Davis-Anderson,676.81
1095,Harris-Walker,724.72
1096,Nguyen-White,1900.11
1097,"Juarez, Romero and Rasmussen",2718.29
1098,Baker PLC,869.9
1099,Lester LLC,422.33
1100,Phillips Group,256.1
1101,Johnson Ltd,1475.64
1102,"Williams, Robinson and Davis",2718.12
1103,Merritt-Rodriguez,1091.21
1104,Curry Group,790.05
1105,Nolan-Greene,2633.09
1106,"Gould, Vega and Hall",1942.38
1107,Stevenson and Sons,1278.33
1108,Acevedo Group,1891.44
1109,Ballard-Russell,230.99
1110,Davis-Mitchell,2406.02
1111,Mckinney-Mendoza,2906.46
1112,Murray-Walker,1680.53
1113,Miller Ltd,2301.95
1114,Moore-Walker,1725.59
1115,"Brooks, Moran and Arroyo",1160.25
1116,Jordan Ltd,1341.46
1117,Smith PLC,780.39
1118,"Davis, Freeman and Mejia",2392.14
1119,Hernandez PLC,2168.77
1120,Maddox-Aguilar,2030.13
1121,White LLC,1652.88
1122,Gordon and Sons,564.47
1123,"Gibbs, Jackson and Lane",1558.35
1124,Smith-Perkins,1088.29
1125,Brady Inc,66.55
1126,"Stanley, Lara and Zavala",1139.91
1127,"Morrison, Lucas and Russo",2931.28
1128,Smith-Davidson,1316.49
1129,Kelly PLC,2471.92
1130,"Myers, Petty and Mccoy",1679.46
1131,"Smith, Carr and Bass",2035.82
1132,Vasquez-Walker,1222.41
1133,Burns-Flores,1434.9
1134,"Pope, Hall and Mcgrath",2160.27
1135,"Li, Wang and Zuniga",1598.15
1136,Lin-Bell,940.16
1137,"Ellis, Perez and Martin",2792.3
1138,"Alvarez, Trujillo and Walker",951.27
1139,Daniels-Gibson,1528.63
1140,"Ayers, Martinez and Williams",1367.12
1141,Hunt LLC,1291.64
1142,Wu LLC,85.14
1143,Rodriguez-Davis,1351.13
1144,"Becker, Hill and Rosales",2131.84
1145,Frederick-Young,2660.54
1146,Ross-Sanders,1531.03
1147,Davis LLC,395.17
1148,Glenn-Garrett,1278.86
1149,Brown-Short,2069.04
1150,Ortiz-Davis,1727.44
1151,Davis-Caldwell,1602.01
1152,Jimenez LLC,673.7
1153,Perez-Wheeler,1670.7
1154,Mills-Long,420.47
1155,Thomas and Sons,1991.5
1156,Bennett-Baker,1931.82
1157,Harrington Ltd,461.56
1158,Jordan and Sons,2017.36
1159,"King, Ramirez and Patrick",1080.78
1160,Taylor-Kennedy,2044.52
1161,Evans Group,2000.57
1162,Pena-Carter,993.87
1163,"Rogers, Gonzales and Farley",1168.79
1164,Flores LLC,313.19
1165,"Shepard, Reese and Mendoza",2138.31
1166,"Wilkinson, Marquez and Oneill",2101.86
1167,Fisher-Smith,1261.81
1168,"Williamson, Mcbride and Keller",195.02
1169,Collins LLC,314.79
1170,Harvey-Wagner,1936.52
1171,"Dunn, Rojas and Morrow",1356.11
1172,Wilson-Jones,2833.56
1173,Perkins-Holloway,1241.07
1174,Bush Ltd,584.43
1175,Lane Group,2227.53
1176,Harper LLC,185.62
1177,Ortega-Jimenez,1825.33
1178,Carson-Guzman,2336.79
1179,Valenzuela-Olson,1215.67
1180,"Jenkins, Perez and Moore",1886.2
1181,Harper Inc,786.01
1182,Lambert PLC,1933.6
1183,Wright-Wise,1332.55
1184,Stewart-Williams,2350.52
1185,"Torres, Higgins and Sanders",1167.37
1186,"Randall, Mcclure and Duncan",2585.13
1187,"Nguyen, Raymond and Beasley",86.76
1188,Beard PLC,1760.72
1189,Campbell-Edwards,974.32
1190,"Thompson, Best and Rodriguez",2904.41
1191,"Morris, Rivers and White",277.3
1192,Salinas-Chapman,2864.49
1193,"Ellis, Benitez and Moore",2594.52
1194,Wall-Simon,2775.51
1195,Shaw Group,2004.26
1196,Anderson-Chapman,1872.74
1197,Sanchez-Brown,2723.74
1198,Parker Ltd,1461.94
1199,Stevenson and Sons,1943.17
1200,"Warren, Pitts and Reed",89.26
1201,Jones Inc,2946.0
1202,King-Bell,95.04
1203,"Hatfield, Stone and Burke",2677.25
1204,Cook-Rose,169.65
1205,Smith-Morgan,1851.08
1206,Torres Ltd,399.59
1207,Casey and Sons,536.99
1208,Wiggins Inc,716.66
1209,"Taylor, George and Leon",2059.94
1210,"Clark, Adams and Holloway",1648.14
1211,Oliver Ltd,2516.14
1212,"Andrade, Nelson and Merritt",2066.83
1213,Poole-Dixon,2210.21
1214,Gutierrez-Foster,386.76
1215,Rowe PLC,89.33
1216,Friedman Ltd,2682.05
1217,Obrien-Mcgee,872.61
1218,Davis Group,761.67
1219,Thomas-Barr,676.41
1220,Johnson Ltd,97.89
1221,"Nguyen, Zuniga and Fernandez",1882.69
1222,"Underwood, White and Moore",498.83
1223,"Vaughn, Gibson and Peters",563.99
1224,Wright Inc,1214.03
1225,"Watson, Smith and Bates",2710.78
1226,Moore-Moore,1014.54
1227,"White, Branch and Murphy",411.99
1228,"Dickson, Proctor and Miller",2688.35
1229,"Jennings, Moore and Stewart",1698.36
1230,Bender Inc,969.15
1231,"Perez, Smith and Hardy",903.48
1232,Tate-Ward,2035.79
1233,Allen-Henderson,2162.78
1234,Ball-Watkins,1556.12
1235,"Brady, Johnson and Walker",2295.01
1236,Burch-Wilkins,2436.79
1237,"Pacheco, Palmer and Brown",658.32
1238,"Glover, Rasmussen and Reyes",1630.72
1239,"Martinez, Aguilar and Simpson",2915.7
1240,Martin Group,1837.3
1241,"Smith, Howell and Turner",1156.85
1242,Martin-Rogers,2605.4
1243,Bowen-Long,1036.74
1244,Reyes Group,1281.32
1245,Jackson Inc,2288.97
1246,"Garcia, Johnson and Brown",903.43
1247,Herrera Group,2200.94
1248,Bennett-Martin,2053.86
1249,Le Inc,1759.53
1250,Jones Inc,2145.7
1251,Norman and Sons,2252.59
1252,Griffin-Brandt,1022.05
1253,Sanders-Bryant,1182.38
1254,Campos Ltd,543.18
1255,"Brown, Nichols and Mitchell",2782.04
1256,"Clayton, Gordon and Bailey",2141.41
1257,Salazar PLC,1068.47
1258,Walters Ltd,855.53
1259,Decker LLC,680.65
1260,Murphy-Roach,266.98
1261,Salazar Group,172.44
1262,"Mann, Ward and Silva",2475.93
1263,Liu and Sons,299.45
1264,"Miller, Smith and Bender",302.46
1265,"Miller, Werner and Reed",2455.36
1266,Owens PLC,86.73
1267,Martinez and Sons,2934.0
1268,Velasquez LLC,124.3
1269,Juarez Group,969.66
1270,"Stevens, Miller and Douglas",2815.22
1271,Guerrero-Wong,2946.06
1272,Byrd-Scott,2861.77
1273,"Jones, Williams and Ramos",1012.08
1274,"Jordan, Hoover and White",751.61
1275,Foster LLC,706.04
1276,Davis PLC,2719.86
1277,Dixon Inc,300.43
1278,Murphy Inc,1471.17
1279,"Greer, Cruz and Smith",1135.91
1280,Espinoza-Fletcher,875.85
1281,"Freeman, Hall and Weber",364.37
1282,Howell Inc,2052.41
1283,"Duncan, Smith and Rojas",302.69
1284,"Gaines, Taylor and Davidson",1972.13
1285,"Kirk, Lowe and Boone",1370.34
1286,"Ruiz, Patton and Copeland",2219.25
1287,"Carr, Baker and Jensen",68.78
1288,"Stewart, Andrews and Potter",488.04
1289,"Williams, Reyes and Herman",163.41
1290,Adams-Krueger,701.99
1291,Arnold Group,2762.42
1292,"Hernandez, Rodriguez and Brown",1361.09
1293,"Owen, Dorsey and Norris",765.21
1294,"Gibbs, Spencer and Hernandez",417.38
1295,"Palmer, Yang and Davis",2309.98
1296,Velasquez PLC,1872.83
1297,Smith Inc,2436.31
1298,"Ramsey, Henderson and Bailey",844.07
1299,"Holt, Smith and French",120.7
1300,"Hernandez, Pugh and Bishop",258.75
1301,King-Mcintosh,1483.91
1302,Diaz Inc,1508.25
1303,Harris-Combs,129.81
1304,"Vargas, Strickland and Parks",1742.08
1305,Williams Ltd,78.56
1306,Green and Sons,1994.62
1307,"Coleman, Dalton and Watts",1096.44
1308,"Smith, Williams and Walker",589.38
1309,"Griffith, Brooks and Washington",712.45
1310,"Gonzalez, Johnson and Hughes",386.62
1311,White and Sons,2284.63
1312,Craig Group,2166.17
1313,Ramirez and Sons,353.56
1314,"Williams, Murray and Johnson",1101.71
1315,Johnson PLC,791.71
1316,"Simpson, Alvarez and Griffith",1877.66
1317,"Allen, Brown and Flores",1337.05
1318,Clark-Carter,356.94
1319,"Anthony, Myers and Baker",1910.61
1320,Zhang LLC,772.99
1321,Ruiz LLC,1396.07
1322,Williams-Adams,1634.38
1323,"Lopez, Mitchell and Roberts",2474.63
1324,Palmer-Dixon,414.85
1325,"Johnson, Guzman and Anderson",1738.65
1326,"Kelley, Young and Jefferson",1328.33
1327,"Silva, Martin and Guerra",2746.28
1328,"Beasley, Benitez and Gomez",1909.83
1329,Holmes-Steele,2547.03
1330,Walsh Inc,2244.03
1331,Freeman Inc,1888.52
1332,Baird PLC,1266.5
1333,Robinson-Schroeder,2612.99
1334,Wade and Sons,637.3
1335,Stanley-Rodriguez,118.48
1336,Martin-Edwards,1459.36
1337,Powell-Jones,2417.06
1338,"Smith, Rogers and Meyer",2582.45
1339,"Turner, Graves and Moore",577.5
1340,"Hendrix, Bishop and Smith",2376.75
1341,"White, Fuentes and Johns",1076.35
1342,"Cox, Johnson and Wheeler",1262.16
1343,Morris-George,1103.39
1344,"Johnson, Snow and Hughes",2921.16
1345,Jones-Gallagher,589.48
1346,"Young, Brooks and Craig",63.72
1347,Roth-Adkins,2151.62
1348,Barnett-Griffin,1359.36
1349,Bailey Ltd,2029.56
1350,"Miller, Grant and Martin",1617.97
1351,"Baker, Gill and Smith",1293.86
1352,Hill-Fuentes,2757.78
1353,Young-Walker,2028.34
1354,Castillo-Barker,2013.6
1355,"Stanley, Le and Taylor",2157.4
1356,"Price, Hunt and Goodman",983.7
1357,George-Young,1864.86
1358,Anderson-Macias,1747.68
1359,Marshall-Davis,1306.58
1360,Banks LLC,213.01
1361,Williams-Vaughan,2784.92
1362,Simmons LLC,814.98
1363,Alvarado LLC,2381.31
1364,Steele-Hoffman,1213.62
1365,Cook PLC,2215.89
1366,Miller-Davis,489.13
1367,Johnson-Davis,61.4
1368,Lin Group,911.13
1369,Thomas LLC,2811.86
1370,Graham-Clements,2519.8
1371,Newton-Martinez,2779.4
1372,"Joseph, Rodriguez and Bailey",1763.01
1373,Scott Inc,852.81
1374,Hudson-Williams,1120.08
1375,Beck Inc,1562.25
1376,Edwards PLC,187.69
1377,"Le, Peters and Clayton",353.67
1378,"Rodriguez, Mclaughlin and Serrano",1642.21
1379,Robbins-Neal,1266.55
1380,"Stevenson, Thomas and Gibbs",2851.71
1381,"Fisher, Frank and Sanchez",2359.78
1382,Hopkins and Sons,879.15
1383,Carter LLC,147.42
1384,Aguilar-Yang,2685.77
1385,Johnson-Rodriguez,2654.2
1386,Moss-Reynolds,478.53
1387,"Johnson, Miller and Williams",2525.08
1388,Vega-Peterson,642.48
1389,Gutierrez and Sons,2200.99
1390,Thompson and Sons,1656.01
1391,Miller-Jenkins,1141.35
1392,"King, Cannon and Lopez",536.04
1393,Powell and Sons,1832.32
1394,Short Ltd,2761.87
1395,West-Shaffer,1997.63
1396,"Smith, Mitchell and Payne",2086.83
1397,Gardner-Clark,126.72
1398,Franklin Group,420.61
1399,Charles-Herrera,825.49
1400,"Ray, Garza and Green",822.15
1401,"Wright, James and Mclaughlin",439.61
1402,"Campbell, Ortiz and Scott",2075.27
1403,Robbins Ltd,1133.89
1404,Zamora PLC,1762.63
1405,Burton-Hill,673.88
1406,Mullins-Rogers,1104.36
1407,Salinas Group,887.36
1408,Young Inc,1465.97
1409,"Woods, Caldwell and Brown",190.31
1410,Mcbride-Lloyd,78.35
1411,"Hayes, Garcia and Sheppard",1015.04
1412,Cunningham Inc,1382.04
1413,Levine Ltd,458.62
1414,Perez-Rollins,232.18
1415,Hicks-Ryan,214.17
1416,"Patrick, Schroeder and Whitaker",1747.73
1417,Coleman-Beasley,2364.88
1418,Arnold-Payne,1246.2
1419,"Boyd, Moreno and Scott",657.81
1420,Simmons and Sons,1746.03
1421,Juarez-Trevino,1174.25
1422,"Andrews, Smith and Daugherty",2389.03
1423,Richardson-Shaw,2982.02
1424,Williams Inc,511.8
1425,David-Chen,216.48
1426,"Mcclain, King and Khan",1086.17
1427,"Duke, Lambert and Johnson",2440.3
1428,Moody LLC,924.63
1429,Lamb-Durham,91.31
1430,Terry-Hester,792.91
1431,Gonzales and Sons,1036.15
1432,Gibson-Ball,607.67
1433,Butler-Crawford,2772.83
1434,Wright PLC,2190.9
1435,Smith and Sons,2865.39
1436,Lee-Rodriguez,2872.66
1437,Rodriguez LLC,967.6
1438,Wilson PLC,1163.29
1439,"Lee, Brewer and Day",2770.75
1440,Simon Group,2127.97
1441,Clark Inc,1421.98
1442,Watts-Eaton,1893.01
1443,Miller-Gray,1515.08
1444,"White, Wilson and Richards",1319.12
1445,"Owens, Gomez and Wilkins",907.42
1446,Hubbard-Lewis,420.84
1447,Bond-Martinez,1225.18
1448,Henderson-Watson,2969.33
1449,Sandoval PLC,1104.93
1450,Hunt-Molina,2257.36
1451,Perez-Guerrero,644.53
1452,Mcintosh-Wong,1482.37
1453,Pope Inc,2333.26
1454,Coleman and Sons,1653.46
1455,Baldwin-Hoffman,2882.03
1456,"Gonzales, Pena and Collins",237.21
1457,Vaughan and Sons,2471.04
1458,Hernandez-Mcneil,1439.08
1459,Rivera-Knapp,1713.59
1460,Wall-Rojas,875.48
1461,"Chang, Perkins and Robinson",2757.76
1462,Johnson LLC,571.39
1463,"Taylor, Garcia and Anderson",2858.52
1464,Cole Ltd,2243.45
1465,"Wheeler, Hunt and Moore",1381.4
1466,Rose LLC,929.14
1467,"Proctor, Mccullough and Gomez",2559.71
1468,Salas-Harrington,208.25
1469,Jones-Anderson,674.35
1470,"Short, Torres and Roberts",2321.23
1471,Foster LLC,1516.79
1472,"Roy, Martinez and Thomas",506.99
1473,Noble-Thompson,59.26
1474,Preston and Sons,144.89
1475,"Rowland, Mcdonald and Dorsey",646.87
1476,Rodriguez LLC,2266.19
1477,Sosa LLC,1679.93
1478,"Blanchard, Farmer and Martin",2128.75
1479,Coleman Ltd,109.67
1480,"Brown, Velasquez and Kim",1644.68
1481,Rodriguez Ltd,1289.57
1482,Flores-Warner,85.87
1483,"Richards, Marshall and Miller",1015.43
1484,Orozco-Perez,775.36
1485,Cummings and Sons,1541.77
1486,"Wilson, Taylor and Booth",477.84
1487,"James, Soto and Cherry",2101.88
1488,"Watson, Waller and Mendoza",117.93
1489,Romero Ltd,1479.02
1490,Adams PLC,452.0
1491,"Herrera, Patterson and Gray",1962.04
1492,"Duncan, Mcbride and Robinson",1374.12
1493,Roberts and Sons,288.47
1494,"Perez, Stokes and Herrera",528.73
1495,Sellers LLC,1585.09
1496,Turner-Harrison,1277.01
1497,Hanna LLC,771.55
1498,"Rivera, Reid and Salinas",2975.29
1499,Wilson-Schneider,275.21
1500,Woodward Ltd,2262.44
1501,Gibson-Buchanan,1703.69
1502,Guerrero Ltd,1994.86
1503,Castro Inc,2615.75
1504,"Mann, Guerrero and King",897.22
1505,Wood-Wu,394.02
1506,Smith Inc,463.23
1507,Chen-Hill,2709.35
1508,Williams-Harrell,672.38
1509,"Thompson, Vincent and Wilson",1781.53
1510,"Hardin, Townsend and Lowe",709.41
1511,"Cox, Branch and Wood",2960.0
1512,Sloan LLC,852.55
1513,Adams-Reeves,2569.93
1514,"Hays, Jones and Garcia",2765.38
1515,Johnston-Mcmahon,2770.96
1516,Woods Group,1534.73
1517,Cooper Ltd,2587.59
1518,Valdez-Perez,2909.08
1519,Moses-Williamson,886.32
1520,Woods-King,661.3
1521,Crawford-Wilson,2969.54
1522,Warner-Petty,513.56
1523,Howell Group,1131.34
1524,"Galloway, Martin and Donaldson",1944.11
1525,Owens-James,2108.74
1526,"Jones, Wright and Turner",757.91
1527,Wright-Clark,2454.78
1528,Guzman LLC,2900.51
1529,Kennedy-Mcintyre,333.91
1530,Rodriguez Ltd,483.86
1531,Brown-Martinez,1329.88
1532,Abbott Ltd,243.02
1533,"George, Vaughn and Hart",697.51
1534,"Morgan, Greene and Mcmillan",1362.09
1535,Martinez-Stephens,1268.57
1536,King Ltd,2533.48
1537,"Fuller, Jones and Villegas",818.72
1538,"Sutton, Campbell and Serrano",395.66
1539,"Mccarty, Coleman and Clark",1182.91
1540,"Harris, Sanders and White",1747.81
1541,Gould Group,1259.76
1542,Fisher Group,870.84
1543,Johnston-Grant,1535.7
1544,Mccarthy-Singleton,1680.98
1545,"Reyes, Khan and Walters",1688.5
1546,Duncan-Small,475.3
1547,"Romero, Wood and King",1960.98
1548,Cook-Oconnell,2839.6
1549,"Dominguez, Robertson and Lester",2245.13
1550,Banks-Gallegos,2712.17
1551,Richardson-Ortiz,566.67
1552,Anderson-Howe,1161.78
1553,Fletcher Inc,391.95
1554,"Hernandez, Mejia and Freeman",1668.85
1555,Russell-Boyd,1850.09
1556,Porter-Murphy,1675.9
1557,Moore-Acevedo,2040.45
1558,"Hall, Caldwell and Yates",2669.0
1559,Gonzales-Vargas,1806.68
1560,"Parker, Roy and Baxter",187.36
1561,Fletcher-Oliver,1543.66
1562,"Ramirez, Lopez and Evans",716.7
1563,Fitzgerald and Sons,2615.5
1564,"Gomez, Patterson and Walls",1257.63
1565,Huynh-Butler,2105.49
1566,Dominguez-Forbes,651.29
1567,"Rasmussen, Li and Gonzalez",1274.91
1568,"Bruce, Chavez and Bender",1529.48
1569,"Werner, Wilcox and Harvey",1578.37
1570,Cooper PLC,333.42
1571,Walker-Fritz,598.5
1572,"Jenkins, Watts and Robinson",282.68
1573,"Lin, Bailey and Young",2722.58
1574,"Fleming, Hall and Mccormick",821.41
1575,Collins-Wilcox,2240.65
1576,"Perez, Herrera and Anderson",696.17
1577,Garza-Miller,1231.55
1578,Clark LLC,2716.22
1579,Henderson-Scott,2460.55
1580,Leblanc Ltd,526.54
1581,"Thompson, Lee and Lloyd",2433.22
1582,"Mitchell, Thornton and Nelson",2847.01
1583,"Orr, Davenport and Schmitt",2512.0
1584,Pennington-Malone,1423.63
1585,"Chandler, Freeman and Francis",75.64
1586,Mason-Griffin,1224.39
1587,Allen-Johnson,2600.2
1588,Gonzalez Inc,245.71
1589,Brown-Duncan,507.66
1590,Macias-Ford,1888.41
1591,"Martin, Saunders and Campbell",1353.04
1592,Sanders-White,2900.46
1593,Brown-Smith,2005.49
1594,Harrington-Wright,1378.4
1595,"Rojas, Lewis and Horton",2170.02
1596,Lozano-Ewing,2558.23
1597,White-Camacho,1394.95
1598,Campbell-Brooks,2845.53
1599,"Freeman, Washington and Bowen",2737.86
1600,"Lawrence, Jefferson and Campbell",944.94
1601,Gonzales-Johnson,1903.53
1602,Walker-Rodgers,2146.54
1603,Norton-Fowler,1846.05
1604,Martinez and Sons,2125.63
1605,Howard-Hall,1693.65
1606,Hull and Sons,1509.89
1607,Hogan LLC,1370.37
1608,Wells-Freeman,2536.45
1609,"Garner, Marshall and Hood",1417.96
1610,Ferguson-Parker,1249.15
1611,Mcintosh Group,2795.15
1612,Brown-Goodman,2177.24
1613,Martinez-Johns,534.35
1614,Smith LLC,1566.92
1615,Stewart-Oconnell,2538.27
1616,Wood LLC,2870.86
1617,Hale and Sons,1405.42
1618,Fletcher-White,2494.48
1619,"Brooks, Wilson and Campbell",1468.65
1620,Rocha-Henry,1662.09
1621,Hamilton-Hanson,1902.04
1622,"Thompson, Randolph and Thompson",1983.97
1623,"Arellano, Jordan and Green",2183.9
1624,Williams Inc,2953.35
1625,"Peters, Martin and Gonzalez",1833.08
1626,Mckinney-Hopkins,2840.34
1627,"Mccann, Lambert and Jones",1473.0
1628,Williams Ltd,51.86
1629,"Greer, King and Gamble",1803.72
1630,Robinson LLC,777.83
1631,Fisher PLC,201.25
1632,Lee-Pugh,1213.49
1633,"Johnson, Boyle and Pena",654.61
1634,Rodriguez Ltd,848.2
1635,Clark-Watson,1580.77
1636,Cohen-Oconnell,510.18
1637,"Miller, Oneal and White",2056.04
1638,Garrison-Sanchez,1083.86
1639,Miller-Myers,1894.92
1640,Williams and Sons,1267.47
1641,Hall-Miller,2416.14
1642,Foster-Salinas,1860.09
1643,Mueller PLC,1422.08
1644,Medina Inc,1982.96
1645,Bautista Group,154.04
1646,Hall-Hanson,1999.64
1647,Garcia-Sosa,2840.23
1648,"Carpenter, Bryant and Klein",2383.85
1649,Melton-Williams,1347.96
1650,Carter-Carter,749.84
1651,"Rodriguez, Johnson and Mills",2040.91
1652,Ellis PLC,1858.12
1653,Lee-Ford,78.09
1654,Baker Ltd,2229.16
1655,Malone-Duke,2649.36
1656,"Bond, Hamilton and Swanson",912.72
1657,Wood Ltd,2102.63
1658,Johnson-Bell,766.87
1659,Hill Group,85.73
1660,Brooks LLC,2814.85
1661,Smith Group,1436.8
1662,"Ford, Mcclure and Scott",653.98
1663,Stephens-Mora,1539.54
1664,Mckenzie PLC,2869.22
1665,"Dillon, Brown and Thomas",808.36
1666,Ramos LLC,1539.91
1667,"Romero, Fleming and Carpenter",1093.93
1668,Wilkinson PLC,1485.2
1669,"Prince, Mendez and Nguyen",783.59
1670,Martinez-Perry,454.94
1671,Herrera-Gonzalez,1840.58
1672,Richards-Osborn,2685.27
1673,Bryant-Green,392.8
1674,Jenkins and Sons,2659.82
1675,Wong LLC,2913.07
1676,Escobar-Wilkins,2595.36
1677,Berry-Perez,816.79
1678,Smith PLC,1038.06
1679,"Brooks, Gonzalez and Morris",659.28
1680,Parker-Oconnor,1172.11
1681,Riddle-Lawrence,231.77
1682,Schneider-Johnson,1133.92
1683,"Lam, Allen and Smith",899.65
1684,"Lewis, Gray and Gray",2089.38
1685,"Garcia, Wiley and Bush",2522.15
1686,Cortez and Sons,1425.77
1687,Marquez-Brown,798.47
1688,"Martin, Flynn and Gutierrez",1239.3
1689,"Welch, Lara and George",529.48
1690,Horne and Sons,2618.82
1691,"Miranda, Underwood and Hansen",81.58
1692,"Dawson, Arellano and Cooper",2334.5
1693,"Doyle, Dodson and Colon",997.58
1694,Hernandez-Callahan,2204.3
1695,Lamb Group,1927.78
1696,Guzman-Torres,296.18
1697,Miles Inc,2727.5
1698,"Bryant, Diaz and Schroeder",972.26
1699,Walker PLC,770.36
1700,Taylor-Jones,2729.13
1701,"Arnold, Smith and Wade",132.03
1702,"Coleman, Fox and Robinson",984.76
1703,Jackson Inc,1237.0
1704,"Howard, Bell and Miller",1432.63
1705,Larson Ltd,1316.36
1706,Grant Inc,2892.4
1707,Sullivan-Smith,2002.41
1708,Wolf LLC,923.81
1709,Larson-Wallace,130.83
1710,"Castillo, Johnson and Nixon",896.36
1711,"Williams, Herrera and Blair",1138.37
1712,"Wise, Smith and Willis",2003.73
1713,Adkins Ltd,1001.64
1714,Ferguson PLC,1547.48
1715,Hudson-Johnson,2140.08
1716,"Davidson, Blair and Hurley",2079.03
1717,"Taylor, Mills and Vega",1645.23
1718,Bridges-Espinoza,2018.09
1719,Patterson Group,941.69
1720,Pierce LLC,2128.8
1721,"Schmidt, Smith and Lopez",1225.18
1722,Taylor-Randall,495.64
1723,Brown-Newman,2491.91
1724,Ford-Christian,2461.18
1725,"Smith, Bowers and Pacheco",498.82
1726,Brown-Bowman,1624.02
1727,Smith-Dougherty,1002.56
1728,Brewer-Contreras,629.38
1729,Garcia Ltd,2937.82
1730,"Francis, Gonzalez and Webb",678.5
1731,"Anderson, Rich and Smith",2945.32
1732,"Porter, Duncan and Hoffman",1644.15
1733,Butler-Rhodes,1609.42
1734,"Smith, Carpenter and Morales",2622.86
1735,Jones Ltd,2751.67
1736,Williams Inc,496.8
1737,Savage-Schmidt,1892.12
1738,Allen and Sons,2244.75
1739,Baker-Dudley,190.03
1740,"Harrison, Stokes and Robertson",1374.21
1741,"Hill, Paul and Moreno",2219.67
1742,"Anderson, Rojas and Johnson",2599.83
1743,Jones-Black,229.5
1744,Sanders Group,2021.64
1745,English Inc,2038.15
1746,Dorsey-Riley,2254.91
1747,"Smith, Thomas and Sullivan",2996.78
1748,"Montoya, Small and Carey",1848.85
1749,"Oconnor, Walker and Adams",63.37
1750,Gillespie-Clark,1483.91
1751,Taylor Ltd,1755.97
1752,Jones-Peterson,1741.69
1753,Lamb-Bush,480.33
1754,Allen-Bishop,2961.54
1755,Franklin Group,254.69
1756,Gallagher-Paul,2855.98
1757,"Perez, Ross and Smith",1586.62
1758,Jackson-White,1193.72
1759,Garza-Perez,2608.19
1760,Lopez-Moore,2008.03
1761,Kirby PLC,2538.9
1762,"Ross, Barnes and Cordova",1546.72
1763,Austin-Owens,904.22
1764,Romero-Sandoval,1681.4
1765,Powell Group,1392.67
1766,"Edwards, Moss and Foley",237.78
1767,Sullivan-Douglas,2039.17
1768,Reid LLC,2170.28
1769,Bridges-Ingram,2581.28
1770,Graham-Myers,1757.0
1771,"Lopez, Harris and Pham",1524.3
1772,"Wilson, Reid and Norman",1829.35
1773,Smith-Shea,1725.78
1774,Mueller Inc,175.67
1775,Salas-Johnson,2824.96
1776,"Thomas, Rogers and Thomas",2048.69
1777,Holt-Gomez,2505.27
1778,"Vasquez, Davis and Johnson",2459.51
1779,"Gray, Farmer and Gonzalez",1109.83
1780,"Hamilton, Andersen and Wallace",1204.27
1781,Hooper and Sons,2456.77
1782,Harris-Bailey,1919.75
1783,Smith-Jennings,264.36
1784,"Mcguire, Williams and Walker",1508.42
1785,Booker LLC,1680.1
1786,"Gardner, Adkins and Ewing",2087.65
1787,"Schultz, Lester and Newman",2470.74
1788,Cole and Sons,2246.52
1789,Coleman-Simmons,287.21
1790,"Guerrero, Johnson and Reed",1005.13
1791,Sosa Inc,2974.71
1792,"West, Hayes and Cole",2831.41
1793,Hays-Green,1972.28
1794,Gray and Sons,1770.27
1795,Allen-Miller,2373.96
1796,Oliver-Myers,791.37
1797,Flores-Everett,2915.33
1798,Dunn LLC,2633.77
1799,Meyers Group,68.15
1800,Parker-Moore,357.83
1801,"Fisher, Stanley and Williams",2413.78
1802,"Cole, Tyler and Goodwin",1531.83
1803,Mayer-Duffy,1937.51
1804,Suarez-Duncan,542.88
1805,Walters-Montoya,2451.58
1806,Morris-Williams,1852.66
1807,Armstrong PLC,1185.34
1808,Walters Group,518.73
1809,Jackson-Gonzales,2997.44
1810,Young-Meza,400.86
1811,Boyer Inc,2627.01
1812,"Ellis, Kelly and Williams",2721.8
1813,"Nguyen, Baker and Butler",279.94
1814,"Estrada, Jacobs and Cardenas",1555.07
1815,Kennedy-Walton,440.9
1816,Mora-Garcia,2488.52
1817,Ellis-Henry,1041.49
1818,Ruiz and Sons,1222.67
1819,"Martinez, Williams and Crawford",1628.73
1820,Cooper and Sons,2196.68
1821,"Mcfarland, Wilson and Spencer",124.54
1822,Shelton Ltd,2017.24
1823,"Ewing, Carey and Christensen",185.73
1824,Adams-Howe,1078.11
1825,Golden-Good,2472.53
1826,Oliver-Greene,63.53
1827,Reid-Alvarez,1503.74
1828,"Fuentes, Brown and Barnett",506.03
1829,Clements-Bray,2674.83
1830,"Bennett, Bowen and Russell",355.97
1831,Bailey PLC,218.4
1832,Jones-Hunter,163.32
1833,Mason Inc,2981.01
1834,Duran-Bradley,615.61
1835,White LLC,1214.91
1836,"Washington, Sanchez and Smith",240.14
1837,Ward Ltd,2122.34
1838,Wilson-Miller,1282.39
1839,Castillo Group,363.17
1840,Mitchell-Henderson,2836.87
1841,"Dudley, Howard and Barrera",1029.46
1842,Jones-Snyder,524.39
1843,"Kelly, Fry and Garcia",1629.65
1844,"Villa, Peterson and Chavez",1288.85
1845,Long-Alvarado,2292.57
1846,"Pena, May and Cannon",1624.84
1847,Little PLC,1096.65
1848,Cummings-Gonzalez,1308.91
1849,Richards PLC,611.51
1850,"Boyd, Pugh and Edwards",1138.99
1851,Austin and Sons,1378.07
1852,"Diaz, Martinez and Gaines",2938.84
1853,Stewart-Bennett,2445.28
1854,Hopkins-Davis,2079.64
1855,Bradley Inc,1659.23
1856,Wong Group,431.18
1857,Brooks LLC,181.32
1858,"Freeman, Gomez and Nelson",2535.92
1859,Johnson Inc,141.96
1860,"Newman, Roberts and Crawford",2516.73
1861,Patel-Williams,1518.68
1862,Lawson PLC,784.08
1863,Moore-Whitehead,2833.52
1864,"Woods, Bond and Newman",1582.18
1865,Owens and Sons,2388.85
1866,"Lucas, Booth and Rosales",191.29
1867,Sanchez Inc,1430.1
1868,Hoover-Fitzgerald,2214.6
1869,"Hinton, White and Johnson",2112.94
1870,"Carter, Powers and Rose",2110.1
1871,"Mccarty, Randall and Thompson",176.41
1872,Brown-Ruiz,2522.87
1873,"Willis, James and Morrison",2603.12
1874,Sanchez-Yang,51.23
1875,Walker Ltd,744.57
1876,Carroll-Gonzalez,1186.38
1877,"Olson, Rojas and Hill",2621.19
1878,"Hall, Walker and Long",1098.56
1879,"Simpson, Garcia and Murphy",2142.2
1880,"Jones, Gonzalez and Rodriguez",1211.42
1881,"Moody, Estrada and Garcia",1252.59
1882,Lewis PLC,746.63
1883,Stephens PLC,2872.52
1884,"Jones, Jefferson and Wolfe",2539.95
1885,Wilson Ltd,679.82
1886,Carter Group,248.28
1887,"Vega, Villegas and Allen",1297.71
1888,Robinson-Thompson,2195.52
1889,Russell LLC,1979.04
1890,Sweeney Ltd,145.43
1891,Jones-Mccullough,2260.85
1892,George-Davis,2893.57
1893,Harmon Group,2415.49
1894,Hall Inc,1116.04
1895,Pruitt Ltd,1076.96
1896,"Russo, Brown and Wright",192.66
1897,Blair Ltd,653.0
1898,Taylor-Moore,97.59
1899,Parker Ltd,2555.36
1900,Mueller-Obrien,2505.08
1901,Thompson-Richards,1942.81
1902,"Russell, Norton and Kim",1941.87
1903,"Scott, Thomas and Patterson",54.16
1904,"Avila, Scott and Bell",2416.49
1905,Glass and Sons,645.51
1906,"Johnson, Newman and Estes",2030.94
1907,"Allison, Haynes and Hall",717.39
1908,Ford and Sons,2224.81
1909,"Conner, Butler and Lewis",2564.4
1910,Wall-Sullivan,1329.02
1911,Abbott PLC,2671.63
1912,"Stone, Blackwell and Thornton",2733.02
1913,"Olsen, Wu and Diaz",1873.97
1914,Jackson LLC,2177.4
1915,Oconnor-Gomez,1631.35
1916,"Lloyd, Sanders and Mills",859.5
1917,Johnson Ltd,2222.8
1918,"Day, Ford and Ryan",2823.61
1919,"Bartlett, May and Lewis",1656.55
1920,"Fields, Jenkins and Howard",586.25
1921,Adams-Crawford,2590.84
1922,"Brady, Taylor and Edwards",618.55
1923,Scott-Young,1867.04
1924,Hernandez-Mejia,1982.38
1925,Evans LLC,2415.8
1926,"Santana, Taylor and Williams",1930.89
1927,Cline PLC,2777.95
1928,Jordan PLC,1981.43
1929,"Burns, Robinson and Meyer",2720.86
1930,Roberts-Thompson,2211.45
1931,"Chapman, Brooks and Schmidt",2506.15
1932,Wells-Guerrero,2555.95
1933,King-Martin,2641.75
1934,Blankenship-Fitzpatrick,139.26
1935,Arnold-Peters,781.8
1936,"Clark, Ross and Price",1658.59
1937,Salazar-Phillips,2349.2
1938,"Arnold, Harris and Bautista",2471.44
1939,Short-Robertson,1400.46
1940,"Mann, Irwin and Shepherd",2973.72
1941,Jensen-Brown,1956.48
1942,Obrien Group,2929.74
1943,Gordon LLC,2902.58
1944,Kline-Foster,2869.14
1945,"Greene, Harris and Miller",1798.07
1946,Evans Inc,2817.93
1947,Allen PLC,2637.48
1948,"Roberts, Matthews and Christensen",740.44
1949,Dalton PLC,364.35
1950,Martinez-Martin,364.26
1951,Anderson Inc,2986.73
1952,"Cunningham, Noble and Kidd",1504.86
1953,"Frank, Bradford and Blake",1799.47
1954,Reese LLC,1256.5
1955,Lang and Sons,2184.92
1956,"Sullivan, Nichols and Martinez",2847.47
1957,"Harris, Jones and Middleton",1689.28
1958,"Wood, Frederick and Coleman",1266.31
1959,Banks Inc,2282.08
1960,Marshall-Hanson,568.92
1961,"Moore, Moran and Green",349.8
1962,Deleon-Lopez,509.15
1963,"Stevens, Martinez and Wade",1834.48
1964,Ramirez-Scott,70.87
1965,Gomez-Brandt,2363.55
1966,"Dawson, Castro and Nixon",2151.36
1967,"Dillon, Bradley and Berry",331.09
1968,"Mcgee, Curtis and Burke",861.5
1969,Allen and Sons,2029.73
1970,"Schmidt, Kennedy and Mcneil",546.21
1971,Bradshaw-Gay,2807.39
1972,Roberts-Knight,1623.83
1973,Cruz-Brown,1172.27
1974,Washington-Thomas,152.32
1975,"Montes, Noble and Horne",292.94
1976,"Cook, Gay and Dawson",1739.43
1977,Goodwin and Sons,1748.78
1978,Moore LLC,2903.11
1979,Wells LLC,2551.71
1980,"Arnold, Hutchinson and Knox",2771.0
1981,"Castillo, Powell and Walsh",244.2
1982,"Francis, Nguyen and Rodriguez",2791.64
1983,"Bishop, Joseph and Mullins",596.97
1984,"Woods, Castro and Smith",2420.26
1985,Taylor-Wilson,2093.07
1986,Henderson and Sons,2875.17
1987,Parrish PLC,1712.81
1988,"Ibarra, White and Kelly",649.43
1989,"Erickson, Kelley and Cunningham",173.93
1990,Cruz-Morgan,2259.96
1991,"Barber, Sanchez and Rodriguez",1231.61
1992,"Caldwell, Vincent and Johnson",2322.64
1993,"Cruz, Preston and Hatfield",273.65
1994,"Jones, Wilkerson and Hoover",1434.61
1995,Johnston Inc,2000.79
1996,Savage PLC,2354.17
1997,Williams-Bell,1957.26
1998,Hernandez-Howell,297.87
1999,Hughes-Aguilar,630.16
2000,Edwards-Lynch,1146.99
